{"cameraMode":{"drawMode":0,"name":"Shaded","section":"Shading Mode"},"sceneLighting":true,"audioPlay":false,"sceneViewState":{"m_AlwaysRefresh":false,"showFog":true,"showSkybox":true,"showFlares":true,"showImageEffects":true,"showParticleSystems":true,"showVisualEffectGraphs":true,"m_FxEnabled":true},"in2DMode":false,"pivot":{"x":-10.157890319824219,"y":-11.009193420410157,"z":-0.09739172458648682},"rotation":{"x":-0.27012568712234499,"y":0.6572220921516419,"z":-0.27383700013160708,"w":-0.6482201814651489},"size":18.440040588378908,"orthographic":false}